test_name,run_id,duration_ms,pass_fail,retry_count,browser,headless_mode,timestamp,cpu_load,memory_usage,network_latency
auth.spec::login_success,run-0001,132,1,0,chromium,True,2026-01-01T09:00:00+00:00,53.01,457.19,45.36
checkout.spec::payment_flow,run-0001,865,1,0,chromium,True,2026-01-01T09:00:00+00:00,49.23,805.58,45.61
orders.spec::list_recent,run-0001,433,1,0,chromium,True,2026-01-01T09:00:00+00:00,55.87,662.21,39.39
profile.spec::upload_avatar,run-0001,514,0,0,chromium,True,2026-01-01T09:00:00+00:00,47.9,738.83,57.69
search.spec::filter_results,run-0001,394,1,0,chromium,True,2026-01-01T09:00:00+00:00,39.72,585.63,35.4
notifications.spec::websocket_push,run-0001,756,1,0,chromium,True,2026-01-01T09:00:00+00:00,54.91,907.29,57.05
auth.spec::login_success,run-0002,171,1,0,firefox,False,2026-01-01T09:07:00+00:00,49.76,626.59,26.58
checkout.spec::payment_flow,run-0002,752,0,0,firefox,False,2026-01-01T09:07:00+00:00,56.83,882.37,57.21
orders.spec::list_recent,run-0002,389,1,0,firefox,False,2026-01-01T09:07:00+00:00,46.79,684.43,40.0
profile.spec::upload_avatar,run-0002,627,0,0,firefox,False,2026-01-01T09:07:00+00:00,54.71,668.86,50.62
search.spec::filter_results,run-0002,263,1,0,firefox,False,2026-01-01T09:07:00+00:00,41.25,687.22,29.58
notifications.spec::websocket_push,run-0002,832,1,0,firefox,False,2026-01-01T09:07:00+00:00,47.25,798.45,31.91
auth.spec::login_success,run-0003,262,1,0,webkit,True,2026-01-01T09:14:00+00:00,40.11,539.07,45.87
checkout.spec::payment_flow,run-0003,699,0,0,webkit,True,2026-01-01T09:14:00+00:00,40.21,879.84,35.8
orders.spec::list_recent,run-0003,426,1,0,webkit,True,2026-01-01T09:14:00+00:00,46.19,670.91,33.47
profile.spec::upload_avatar,run-0003,670,1,0,webkit,True,2026-01-01T09:14:00+00:00,44.77,728.0,39.21
search.spec::filter_results,run-0003,337,1,0,webkit,True,2026-01-01T09:14:00+00:00,44.12,631.44,31.62
notifications.spec::websocket_push,run-0003,794,1,0,webkit,True,2026-01-01T09:14:00+00:00,46.37,785.12,50.92
auth.spec::login_success,run-0004,102,1,0,chromium,False,2026-01-01T09:21:00+00:00,33.63,586.49,20.48
checkout.spec::payment_flow,run-0004,805,1,0,chromium,False,2026-01-01T09:21:00+00:00,45.84,893.06,64.99
orders.spec::list_recent,run-0004,353,1,0,chromium,False,2026-01-01T09:21:00+00:00,41.21,682.72,27.2
profile.spec::upload_avatar,run-0004,646,0,0,chromium,False,2026-01-01T09:21:00+00:00,33.94,752.97,40.02
search.spec::filter_results,run-0004,318,1,0,chromium,False,2026-01-01T09:21:00+00:00,60.02,591.84,37.51
notifications.spec::websocket_push,run-0004,737,0,0,chromium,False,2026-01-01T09:21:00+00:00,58.95,809.13,68.41
auth.spec::login_success,run-0005,121,1,0,firefox,True,2026-01-01T09:28:00+00:00,34.33,543.06,28.67
checkout.spec::payment_flow,run-0005,924,1,0,firefox,True,2026-01-01T09:28:00+00:00,34.69,796.64,46.73
orders.spec::list_recent,run-0005,438,1,0,firefox,True,2026-01-01T09:28:00+00:00,73.74,659.29,62.56
profile.spec::upload_avatar,run-0005,384,1,0,firefox,True,2026-01-01T09:28:00+00:00,40.27,726.16,50.36
search.spec::filter_results,run-0005,289,1,0,firefox,True,2026-01-01T09:28:00+00:00,45.57,596.28,50.04
notifications.spec::websocket_push,run-0005,497,1,0,firefox,True,2026-01-01T09:28:00+00:00,50.06,886.74,46.26
auth.spec::login_success,run-0006,283,1,0,webkit,False,2026-01-01T09:35:00+00:00,31.75,511.42,30.36
checkout.spec::payment_flow,run-0006,1101,1,0,webkit,False,2026-01-01T09:35:00+00:00,57.78,802.84,39.54
orders.spec::list_recent,run-0006,401,1,0,webkit,False,2026-01-01T09:35:00+00:00,44.19,600.49,36.72
profile.spec::upload_avatar,run-0006,484,0,0,webkit,False,2026-01-01T09:35:00+00:00,50.13,835.85,31.81
search.spec::filter_results,run-0006,290,1,0,webkit,False,2026-01-01T09:35:00+00:00,57.06,617.07,40.68
notifications.spec::websocket_push,run-0006,850,1,0,webkit,False,2026-01-01T09:35:00+00:00,65.96,799.58,57.25
auth.spec::login_success,run-0007,108,1,0,chromium,True,2026-01-01T09:42:00+00:00,60.84,554.63,56.16
checkout.spec::payment_flow,run-0007,719,0,0,chromium,True,2026-01-01T09:42:00+00:00,55.83,830.8,38.66
orders.spec::list_recent,run-0007,356,1,0,chromium,True,2026-01-01T09:42:00+00:00,58.67,641.48,42.65
profile.spec::upload_avatar,run-0007,393,1,0,chromium,True,2026-01-01T09:42:00+00:00,39.97,681.97,46.57
search.spec::filter_results,run-0007,274,1,0,chromium,True,2026-01-01T09:42:00+00:00,30.74,606.68,48.24
notifications.spec::websocket_push,run-0007,713,0,1,chromium,True,2026-01-01T09:42:00+00:00,55.98,863.06,64.13
auth.spec::login_success,run-0008,158,1,0,firefox,False,2026-01-01T09:49:00+00:00,46.02,574.21,33.66
checkout.spec::payment_flow,run-0008,876,0,0,firefox,False,2026-01-01T09:49:00+00:00,68.17,805.57,79.61
orders.spec::list_recent,run-0008,249,1,0,firefox,False,2026-01-01T09:49:00+00:00,47.76,702.82,31.51
profile.spec::upload_avatar,run-0008,547,1,0,firefox,False,2026-01-01T09:49:00+00:00,46.77,690.57,21.38
search.spec::filter_results,run-0008,471,1,0,firefox,False,2026-01-01T09:49:00+00:00,35.23,599.82,30.9
notifications.spec::websocket_push,run-0008,523,1,0,firefox,False,2026-01-01T09:49:00+00:00,37.73,729.18,77.65
auth.spec::login_success,run-0009,426,1,0,webkit,True,2026-01-01T09:56:00+00:00,39.92,583.29,22.29
checkout.spec::payment_flow,run-0009,733,1,0,webkit,True,2026-01-01T09:56:00+00:00,57.17,876.41,46.46
orders.spec::list_recent,run-0009,359,1,0,webkit,True,2026-01-01T09:56:00+00:00,42.22,621.85,22.1
profile.spec::upload_avatar,run-0009,672,0,0,webkit,True,2026-01-01T09:56:00+00:00,49.95,768.35,59.3
search.spec::filter_results,run-0009,300,1,0,webkit,True,2026-01-01T09:56:00+00:00,47.16,599.65,28.59
notifications.spec::websocket_push,run-0009,759,0,0,webkit,True,2026-01-01T09:56:00+00:00,39.48,855.01,42.94
auth.spec::login_success,run-0010,245,1,0,chromium,False,2026-01-01T10:03:00+00:00,52.87,589.49,15.41
checkout.spec::payment_flow,run-0010,794,1,0,chromium,False,2026-01-01T10:03:00+00:00,49.92,836.43,52.56
orders.spec::list_recent,run-0010,349,1,0,chromium,False,2026-01-01T10:03:00+00:00,59.31,495.33,40.43
profile.spec::upload_avatar,run-0010,639,1,0,chromium,False,2026-01-01T10:03:00+00:00,44.68,652.38,50.7
search.spec::filter_results,run-0010,433,1,0,chromium,False,2026-01-01T10:03:00+00:00,52.64,586.93,18.84
notifications.spec::websocket_push,run-0010,920,0,1,chromium,False,2026-01-01T10:03:00+00:00,67.92,854.26,59.09
auth.spec::login_success,run-0011,339,1,0,firefox,True,2026-01-01T10:10:00+00:00,51.88,548.19,41.62
checkout.spec::payment_flow,run-0011,767,1,0,firefox,True,2026-01-01T10:10:00+00:00,37.62,895.53,61.28
orders.spec::list_recent,run-0011,375,1,0,firefox,True,2026-01-01T10:10:00+00:00,52.11,736.64,52.65
profile.spec::upload_avatar,run-0011,535,0,1,firefox,True,2026-01-01T10:10:00+00:00,63.51,784.06,40.93
search.spec::filter_results,run-0011,221,1,0,firefox,True,2026-01-01T10:10:00+00:00,31.83,568.09,37.64
notifications.spec::websocket_push,run-0011,627,1,0,firefox,True,2026-01-01T10:10:00+00:00,56.69,663.48,65.96
auth.spec::login_success,run-0012,215,1,0,webkit,False,2026-01-01T10:17:00+00:00,59.76,451.02,41.32
checkout.spec::payment_flow,run-0012,919,1,0,webkit,False,2026-01-01T10:17:00+00:00,64.16,872.76,30.42
orders.spec::list_recent,run-0012,323,1,0,webkit,False,2026-01-01T10:17:00+00:00,55.28,649.31,48.37
profile.spec::upload_avatar,run-0012,649,1,0,webkit,False,2026-01-01T10:17:00+00:00,46.92,740.61,36.79
search.spec::filter_results,run-0012,377,1,0,webkit,False,2026-01-01T10:17:00+00:00,42.75,686.48,24.55
notifications.spec::websocket_push,run-0012,605,1,0,webkit,False,2026-01-01T10:17:00+00:00,59.04,790.13,54.53
auth.spec::login_success,run-0013,273,1,0,chromium,True,2026-01-01T10:24:00+00:00,49.14,692.52,46.45
checkout.spec::payment_flow,run-0013,613,1,0,chromium,True,2026-01-01T10:24:00+00:00,44.82,858.43,68.65
orders.spec::list_recent,run-0013,238,1,0,chromium,True,2026-01-01T10:24:00+00:00,28.59,592.82,23.58
profile.spec::upload_avatar,run-0013,677,1,0,chromium,True,2026-01-01T10:24:00+00:00,34.27,621.94,50.47
search.spec::filter_results,run-0013,263,1,0,chromium,True,2026-01-01T10:24:00+00:00,51.02,612.6,42.76
notifications.spec::websocket_push,run-0013,665,0,1,chromium,True,2026-01-01T10:24:00+00:00,52.57,834.63,49.94
auth.spec::login_success,run-0014,248,1,0,firefox,False,2026-01-01T10:31:00+00:00,42.42,610.12,33.16
checkout.spec::payment_flow,run-0014,697,1,0,firefox,False,2026-01-01T10:31:00+00:00,26.06,815.2,31.61
orders.spec::list_recent,run-0014,346,1,0,firefox,False,2026-01-01T10:31:00+00:00,55.49,709.52,40.97
profile.spec::upload_avatar,run-0014,769,0,0,firefox,False,2026-01-01T10:31:00+00:00,40.03,716.31,48.26
search.spec::filter_results,run-0014,231,1,0,firefox,False,2026-01-01T10:31:00+00:00,52.04,699.64,32.95
notifications.spec::websocket_push,run-0014,759,1,0,firefox,False,2026-01-01T10:31:00+00:00,55.35,782.29,39.61
auth.spec::login_success,run-0015,279,1,0,webkit,True,2026-01-01T10:38:00+00:00,38.26,505.66,29.09
checkout.spec::payment_flow,run-0015,900,1,0,webkit,True,2026-01-01T10:38:00+00:00,52.69,872.41,47.13
orders.spec::list_recent,run-0015,341,1,0,webkit,True,2026-01-01T10:38:00+00:00,55.27,618.27,20.88
profile.spec::upload_avatar,run-0015,662,1,0,webkit,True,2026-01-01T10:38:00+00:00,51.89,856.31,45.58
search.spec::filter_results,run-0015,305,1,0,webkit,True,2026-01-01T10:38:00+00:00,54.76,558.49,39.17
notifications.spec::websocket_push,run-0015,706,1,0,webkit,True,2026-01-01T10:38:00+00:00,42.27,702.07,55.87
auth.spec::login_success,run-0016,126,1,0,chromium,False,2026-01-01T10:45:00+00:00,40.67,671.05,30.85
checkout.spec::payment_flow,run-0016,891,0,0,chromium,False,2026-01-01T10:45:00+00:00,46.56,862.69,44.52
orders.spec::list_recent,run-0016,342,1,0,chromium,False,2026-01-01T10:45:00+00:00,33.18,636.85,51.37
profile.spec::upload_avatar,run-0016,644,1,0,chromium,False,2026-01-01T10:45:00+00:00,49.32,780.94,64.35
search.spec::filter_results,run-0016,286,1,0,chromium,False,2026-01-01T10:45:00+00:00,48.3,558.17,27.9
notifications.spec::websocket_push,run-0016,787,1,0,chromium,False,2026-01-01T10:45:00+00:00,61.45,809.66,60.09
auth.spec::login_success,run-0017,243,1,0,firefox,True,2026-01-01T10:52:00+00:00,52.96,463.77,32.65
checkout.spec::payment_flow,run-0017,1045,0,2,firefox,True,2026-01-01T10:52:00+00:00,34.37,689.45,40.77
orders.spec::list_recent,run-0017,568,1,0,firefox,True,2026-01-01T10:52:00+00:00,39.0,662.08,43.82
profile.spec::upload_avatar,run-0017,587,1,0,firefox,True,2026-01-01T10:52:00+00:00,47.54,792.49,48.34
search.spec::filter_results,run-0017,351,1,0,firefox,True,2026-01-01T10:52:00+00:00,52.98,694.59,28.99
notifications.spec::websocket_push,run-0017,597,1,0,firefox,True,2026-01-01T10:52:00+00:00,48.69,866.71,68.13
auth.spec::login_success,run-0018,318,1,0,webkit,False,2026-01-01T10:59:00+00:00,46.18,650.56,37.93
checkout.spec::payment_flow,run-0018,797,0,0,webkit,False,2026-01-01T10:59:00+00:00,33.74,887.56,54.83
orders.spec::list_recent,run-0018,464,1,0,webkit,False,2026-01-01T10:59:00+00:00,36.73,543.74,9.87
profile.spec::upload_avatar,run-0018,647,1,0,webkit,False,2026-01-01T10:59:00+00:00,45.87,740.24,45.0
search.spec::filter_results,run-0018,221,1,0,webkit,False,2026-01-01T10:59:00+00:00,50.63,626.18,45.73
notifications.spec::websocket_push,run-0018,747,1,0,webkit,False,2026-01-01T10:59:00+00:00,49.73,772.61,76.52
auth.spec::login_success,run-0019,133,1,0,chromium,True,2026-01-01T11:06:00+00:00,34.71,560.61,21.42
checkout.spec::payment_flow,run-0019,856,1,0,chromium,True,2026-01-01T11:06:00+00:00,58.4,893.17,40.21
orders.spec::list_recent,run-0019,430,0,1,chromium,True,2026-01-01T11:06:00+00:00,43.92,650.91,21.22
profile.spec::upload_avatar,run-0019,640,1,0,chromium,True,2026-01-01T11:06:00+00:00,61.76,817.64,29.69
search.spec::filter_results,run-0019,328,1,0,chromium,True,2026-01-01T11:06:00+00:00,32.44,588.84,8.33
notifications.spec::websocket_push,run-0019,800,1,0,chromium,True,2026-01-01T11:06:00+00:00,38.83,743.44,76.07
auth.spec::login_success,run-0020,330,1,0,firefox,False,2026-01-01T11:13:00+00:00,46.09,664.67,21.68
checkout.spec::payment_flow,run-0020,799,1,0,firefox,False,2026-01-01T11:13:00+00:00,36.59,829.2,29.58
orders.spec::list_recent,run-0020,436,1,0,firefox,False,2026-01-01T11:13:00+00:00,26.85,664.85,41.5
profile.spec::upload_avatar,run-0020,760,1,0,firefox,False,2026-01-01T11:13:00+00:00,42.03,778.76,39.62
search.spec::filter_results,run-0020,334,1,0,firefox,False,2026-01-01T11:13:00+00:00,49.38,548.11,17.02
notifications.spec::websocket_push,run-0020,529,1,0,firefox,False,2026-01-01T11:13:00+00:00,42.53,718.96,57.46
auth.spec::login_success,run-0021,228,1,0,webkit,True,2026-01-01T11:20:00+00:00,58.11,540.26,28.98
checkout.spec::payment_flow,run-0021,776,0,0,webkit,True,2026-01-01T11:20:00+00:00,44.07,829.86,55.05
orders.spec::list_recent,run-0021,284,1,0,webkit,True,2026-01-01T11:20:00+00:00,60.71,776.71,9.65
profile.spec::upload_avatar,run-0021,405,1,0,webkit,True,2026-01-01T11:20:00+00:00,45.54,738.55,43.42
search.spec::filter_results,run-0021,344,1,0,webkit,True,2026-01-01T11:20:00+00:00,29.06,643.46,43.54
notifications.spec::websocket_push,run-0021,731,1,0,webkit,True,2026-01-01T11:20:00+00:00,49.18,823.34,48.05
auth.spec::login_success,run-0022,115,1,0,chromium,False,2026-01-01T11:27:00+00:00,45.24,543.02,15.58
checkout.spec::payment_flow,run-0022,829,1,0,chromium,False,2026-01-01T11:27:00+00:00,38.36,884.8,69.41
orders.spec::list_recent,run-0022,384,0,0,chromium,False,2026-01-01T11:27:00+00:00,41.36,543.44,53.15
profile.spec::upload_avatar,run-0022,520,1,0,chromium,False,2026-01-01T11:27:00+00:00,47.58,655.19,43.04
search.spec::filter_results,run-0022,337,1,0,chromium,False,2026-01-01T11:27:00+00:00,18.35,648.17,30.98
notifications.spec::websocket_push,run-0022,619,1,0,chromium,False,2026-01-01T11:27:00+00:00,58.96,808.71,36.3
auth.spec::login_success,run-0023,238,1,0,firefox,True,2026-01-01T11:34:00+00:00,47.48,555.32,41.39
checkout.spec::payment_flow,run-0023,923,1,0,firefox,True,2026-01-01T11:34:00+00:00,44.19,828.55,64.42
orders.spec::list_recent,run-0023,434,1,0,firefox,True,2026-01-01T11:34:00+00:00,40.01,613.14,56.58
profile.spec::upload_avatar,run-0023,592,1,0,firefox,True,2026-01-01T11:34:00+00:00,25.88,703.53,58.57
search.spec::filter_results,run-0023,225,0,0,firefox,True,2026-01-01T11:34:00+00:00,41.99,666.21,26.27
notifications.spec::websocket_push,run-0023,702,0,0,firefox,True,2026-01-01T11:34:00+00:00,40.84,739.42,64.69
auth.spec::login_success,run-0024,193,1,0,webkit,False,2026-01-01T11:41:00+00:00,43.46,603.09,44.12
checkout.spec::payment_flow,run-0024,848,1,0,webkit,False,2026-01-01T11:41:00+00:00,37.24,766.51,46.87
orders.spec::list_recent,run-0024,341,1,0,webkit,False,2026-01-01T11:41:00+00:00,43.64,698.54,26.33
profile.spec::upload_avatar,run-0024,518,0,0,webkit,False,2026-01-01T11:41:00+00:00,51.23,791.2,64.68
search.spec::filter_results,run-0024,334,0,0,webkit,False,2026-01-01T11:41:00+00:00,49.49,594.68,37.95
notifications.spec::websocket_push,run-0024,730,1,0,webkit,False,2026-01-01T11:41:00+00:00,58.67,700.41,61.43
auth.spec::login_success,run-0025,284,1,0,chromium,True,2026-01-01T11:48:00+00:00,33.39,462.21,50.6
checkout.spec::payment_flow,run-0025,955,0,1,chromium,True,2026-01-01T11:48:00+00:00,40.47,853.13,44.94
orders.spec::list_recent,run-0025,286,1,0,chromium,True,2026-01-01T11:48:00+00:00,62.45,698.98,63.19
profile.spec::upload_avatar,run-0025,714,1,0,chromium,True,2026-01-01T11:48:00+00:00,52.83,817.73,54.83
search.spec::filter_results,run-0025,357,1,0,chromium,True,2026-01-01T11:48:00+00:00,47.41,506.9,44.89
notifications.spec::websocket_push,run-0025,547,0,0,chromium,True,2026-01-01T11:48:00+00:00,67.89,864.26,72.28
auth.spec::login_success,run-0026,310,1,0,firefox,False,2026-01-01T11:55:00+00:00,45.63,504.36,36.49
checkout.spec::payment_flow,run-0026,696,0,0,firefox,False,2026-01-01T11:55:00+00:00,48.6,951.37,48.79
orders.spec::list_recent,run-0026,370,1,0,firefox,False,2026-01-01T11:55:00+00:00,45.04,625.34,41.59
profile.spec::upload_avatar,run-0026,603,1,0,firefox,False,2026-01-01T11:55:00+00:00,35.9,777.12,38.2
search.spec::filter_results,run-0026,161,1,0,firefox,False,2026-01-01T11:55:00+00:00,53.96,663.26,35.78
notifications.spec::websocket_push,run-0026,714,1,0,firefox,False,2026-01-01T11:55:00+00:00,39.76,808.45,41.96
auth.spec::login_success,run-0027,305,1,0,webkit,True,2026-01-01T12:02:00+00:00,42.28,496.07,49.55
checkout.spec::payment_flow,run-0027,875,1,0,webkit,True,2026-01-01T12:02:00+00:00,43.62,866.41,46.98
orders.spec::list_recent,run-0027,318,1,0,webkit,True,2026-01-01T12:02:00+00:00,40.58,649.93,42.34
profile.spec::upload_avatar,run-0027,823,0,1,webkit,True,2026-01-01T12:02:00+00:00,27.23,646.6,33.21
search.spec::filter_results,run-0027,302,1,0,webkit,True,2026-01-01T12:02:00+00:00,56.14,457.99,35.84
notifications.spec::websocket_push,run-0027,908,1,0,webkit,True,2026-01-01T12:02:00+00:00,46.8,748.09,38.57
auth.spec::login_success,run-0028,185,1,0,chromium,False,2026-01-01T12:09:00+00:00,61.97,546.02,53.48
checkout.spec::payment_flow,run-0028,854,1,0,chromium,False,2026-01-01T12:09:00+00:00,48.47,859.71,70.44
orders.spec::list_recent,run-0028,630,1,0,chromium,False,2026-01-01T12:09:00+00:00,37.53,689.79,48.82
profile.spec::upload_avatar,run-0028,565,1,0,chromium,False,2026-01-01T12:09:00+00:00,48.71,764.32,58.05
search.spec::filter_results,run-0028,326,1,0,chromium,False,2026-01-01T12:09:00+00:00,24.63,641.66,42.35
notifications.spec::websocket_push,run-0028,702,0,0,chromium,False,2026-01-01T12:09:00+00:00,43.66,835.21,53.11
auth.spec::login_success,run-0029,179,1,0,firefox,True,2026-01-01T12:16:00+00:00,43.13,579.84,29.33
checkout.spec::payment_flow,run-0029,935,1,0,firefox,True,2026-01-01T12:16:00+00:00,30.48,744.78,50.16
orders.spec::list_recent,run-0029,351,1,0,firefox,True,2026-01-01T12:16:00+00:00,44.32,648.91,37.36
profile.spec::upload_avatar,run-0029,497,1,0,firefox,True,2026-01-01T12:16:00+00:00,37.47,764.89,33.09
search.spec::filter_results,run-0029,266,1,0,firefox,True,2026-01-01T12:16:00+00:00,26.96,559.18,7.23
notifications.spec::websocket_push,run-0029,658,1,0,firefox,True,2026-01-01T12:16:00+00:00,47.48,847.21,52.56
auth.spec::login_success,run-0030,145,1,0,webkit,False,2026-01-01T12:23:00+00:00,28.24,585.93,42.1
checkout.spec::payment_flow,run-0030,832,1,0,webkit,False,2026-01-01T12:23:00+00:00,43.18,965.82,68.46
orders.spec::list_recent,run-0030,265,1,0,webkit,False,2026-01-01T12:23:00+00:00,33.84,595.15,39.44
profile.spec::upload_avatar,run-0030,681,1,0,webkit,False,2026-01-01T12:23:00+00:00,58.27,812.66,39.68
search.spec::filter_results,run-0030,225,1,0,webkit,False,2026-01-01T12:23:00+00:00,57.63,501.56,43.6
notifications.spec::websocket_push,run-0030,1084,0,3,webkit,False,2026-01-01T12:23:00+00:00,54.74,776.73,50.06
auth.spec::login_success,run-0031,210,1,0,chromium,True,2026-01-01T12:30:00+00:00,55.25,655.11,41.73
checkout.spec::payment_flow,run-0031,714,0,0,chromium,True,2026-01-01T12:30:00+00:00,58.8,900.13,48.35
orders.spec::list_recent,run-0031,442,1,0,chromium,True,2026-01-01T12:30:00+00:00,56.6,652.41,44.49
profile.spec::upload_avatar,run-0031,657,1,0,chromium,True,2026-01-01T12:30:00+00:00,52.23,548.34,11.98
search.spec::filter_results,run-0031,335,1,0,chromium,True,2026-01-01T12:30:00+00:00,32.38,565.83,42.98
notifications.spec::websocket_push,run-0031,754,0,1,chromium,True,2026-01-01T12:30:00+00:00,66.77,796.71,57.0
auth.spec::login_success,run-0032,201,1,0,firefox,False,2026-01-01T12:37:00+00:00,29.95,550.43,35.92
checkout.spec::payment_flow,run-0032,854,0,0,firefox,False,2026-01-01T12:37:00+00:00,48.34,864.77,46.01
orders.spec::list_recent,run-0032,288,1,0,firefox,False,2026-01-01T12:37:00+00:00,55.65,613.82,26.1
profile.spec::upload_avatar,run-0032,669,1,0,firefox,False,2026-01-01T12:37:00+00:00,33.09,761.62,52.71
search.spec::filter_results,run-0032,329,1,0,firefox,False,2026-01-01T12:37:00+00:00,29.96,623.21,44.83
notifications.spec::websocket_push,run-0032,786,1,0,firefox,False,2026-01-01T12:37:00+00:00,45.77,837.38,48.47
auth.spec::login_success,run-0033,343,1,0,webkit,True,2026-01-01T12:44:00+00:00,42.5,583.9,52.13
checkout.spec::payment_flow,run-0033,864,1,0,webkit,True,2026-01-01T12:44:00+00:00,57.64,849.24,50.97
orders.spec::list_recent,run-0033,336,1,0,webkit,True,2026-01-01T12:44:00+00:00,44.63,655.21,46.21
profile.spec::upload_avatar,run-0033,578,1,0,webkit,True,2026-01-01T12:44:00+00:00,52.19,681.09,56.22
search.spec::filter_results,run-0033,261,1,0,webkit,True,2026-01-01T12:44:00+00:00,33.55,548.84,17.39
notifications.spec::websocket_push,run-0033,667,0,0,webkit,True,2026-01-01T12:44:00+00:00,54.0,806.88,59.54
auth.spec::login_success,run-0034,255,1,0,chromium,False,2026-01-01T12:51:00+00:00,39.96,444.59,11.05
checkout.spec::payment_flow,run-0034,973,0,0,chromium,False,2026-01-01T12:51:00+00:00,51.43,824.98,63.65
orders.spec::list_recent,run-0034,369,0,0,chromium,False,2026-01-01T12:51:00+00:00,39.02,680.81,50.43
profile.spec::upload_avatar,run-0034,514,1,0,chromium,False,2026-01-01T12:51:00+00:00,55.39,754.61,58.84
search.spec::filter_results,run-0034,233,1,0,chromium,False,2026-01-01T12:51:00+00:00,49.43,552.44,30.8
notifications.spec::websocket_push,run-0034,552,1,0,chromium,False,2026-01-01T12:51:00+00:00,51.7,923.98,49.65
auth.spec::login_success,run-0035,319,1,0,firefox,True,2026-01-01T12:58:00+00:00,47.71,571.01,38.15
checkout.spec::payment_flow,run-0035,831,1,0,firefox,True,2026-01-01T12:58:00+00:00,44.84,914.77,66.85
orders.spec::list_recent,run-0035,365,1,0,firefox,True,2026-01-01T12:58:00+00:00,49.15,715.98,25.74
profile.spec::upload_avatar,run-0035,639,0,1,firefox,True,2026-01-01T12:58:00+00:00,39.27,761.47,28.04
search.spec::filter_results,run-0035,517,1,0,firefox,True,2026-01-01T12:58:00+00:00,58.35,618.41,30.21
notifications.spec::websocket_push,run-0035,769,0,1,firefox,True,2026-01-01T12:58:00+00:00,36.62,704.6,47.2
auth.spec::login_success,run-0036,189,1,0,webkit,False,2026-01-01T13:05:00+00:00,43.69,608.22,29.2
checkout.spec::payment_flow,run-0036,772,1,0,webkit,False,2026-01-01T13:05:00+00:00,65.19,879.7,64.12
orders.spec::list_recent,run-0036,471,1,0,webkit,False,2026-01-01T13:05:00+00:00,50.74,669.41,52.16
profile.spec::upload_avatar,run-0036,498,1,0,webkit,False,2026-01-01T13:05:00+00:00,34.84,705.3,55.56
search.spec::filter_results,run-0036,365,1,0,webkit,False,2026-01-01T13:05:00+00:00,41.28,541.63,55.1
notifications.spec::websocket_push,run-0036,722,1,0,webkit,False,2026-01-01T13:05:00+00:00,61.94,769.63,53.05
auth.spec::login_success,run-0037,136,1,0,chromium,True,2026-01-01T13:12:00+00:00,43.63,523.26,41.75
checkout.spec::payment_flow,run-0037,828,1,0,chromium,True,2026-01-01T13:12:00+00:00,67.11,847.09,46.16
orders.spec::list_recent,run-0037,198,1,0,chromium,True,2026-01-01T13:12:00+00:00,41.97,598.78,27.87
profile.spec::upload_avatar,run-0037,762,0,0,chromium,True,2026-01-01T13:12:00+00:00,48.77,744.12,47.89
search.spec::filter_results,run-0037,433,1,0,chromium,True,2026-01-01T13:12:00+00:00,23.98,575.13,9.41
notifications.spec::websocket_push,run-0037,797,1,0,chromium,True,2026-01-01T13:12:00+00:00,46.76,845.55,57.78
auth.spec::login_success,run-0038,223,1,0,firefox,False,2026-01-01T13:19:00+00:00,46.33,533.62,47.9
checkout.spec::payment_flow,run-0038,863,1,0,firefox,False,2026-01-01T13:19:00+00:00,64.13,717.7,49.42
orders.spec::list_recent,run-0038,272,1,0,firefox,False,2026-01-01T13:19:00+00:00,42.05,553.6,34.24
profile.spec::upload_avatar,run-0038,524,1,0,firefox,False,2026-01-01T13:19:00+00:00,66.42,726.35,76.64
search.spec::filter_results,run-0038,152,0,0,firefox,False,2026-01-01T13:19:00+00:00,34.02,600.33,35.85
notifications.spec::websocket_push,run-0038,613,1,0,firefox,False,2026-01-01T13:19:00+00:00,54.26,812.46,53.88
auth.spec::login_success,run-0039,273,1,0,webkit,True,2026-01-01T13:26:00+00:00,49.93,563.91,26.75
checkout.spec::payment_flow,run-0039,967,0,1,webkit,True,2026-01-01T13:26:00+00:00,64.72,907.91,47.71
orders.spec::list_recent,run-0039,431,1,0,webkit,True,2026-01-01T13:26:00+00:00,64.2,568.96,61.81
profile.spec::upload_avatar,run-0039,784,1,0,webkit,True,2026-01-01T13:26:00+00:00,35.17,722.26,34.45
search.spec::filter_results,run-0039,292,1,0,webkit,True,2026-01-01T13:26:00+00:00,37.26,565.82,29.44
notifications.spec::websocket_push,run-0039,747,0,0,webkit,True,2026-01-01T13:26:00+00:00,45.71,779.27,62.74
auth.spec::login_success,run-0040,80,1,0,chromium,False,2026-01-01T13:33:00+00:00,25.49,440.76,19.81
checkout.spec::payment_flow,run-0040,1047,0,1,chromium,False,2026-01-01T13:33:00+00:00,57.23,802.95,54.33
orders.spec::list_recent,run-0040,429,1,0,chromium,False,2026-01-01T13:33:00+00:00,50.2,667.64,31.68
profile.spec::upload_avatar,run-0040,674,0,1,chromium,False,2026-01-01T13:33:00+00:00,40.47,750.46,51.07
search.spec::filter_results,run-0040,347,1,0,chromium,False,2026-01-01T13:33:00+00:00,56.77,549.93,55.87
notifications.spec::websocket_push,run-0040,842,0,0,chromium,False,2026-01-01T13:33:00+00:00,46.48,690.08,52.92
auth.spec::login_success,run-0041,93,1,0,firefox,True,2026-01-01T13:40:00+00:00,58.77,520.67,47.96
checkout.spec::payment_flow,run-0041,764,1,0,firefox,True,2026-01-01T13:40:00+00:00,57.14,850.38,41.86
orders.spec::list_recent,run-0041,330,1,0,firefox,True,2026-01-01T13:40:00+00:00,45.57,680.27,50.59
profile.spec::upload_avatar,run-0041,614,1,0,firefox,True,2026-01-01T13:40:00+00:00,40.04,785.41,45.76
search.spec::filter_results,run-0041,346,1,0,firefox,True,2026-01-01T13:40:00+00:00,58.49,584.38,55.69
notifications.spec::websocket_push,run-0041,630,1,0,firefox,True,2026-01-01T13:40:00+00:00,44.6,878.6,52.38
auth.spec::login_success,run-0042,193,1,0,webkit,False,2026-01-01T13:47:00+00:00,21.89,453.72,50.67
checkout.spec::payment_flow,run-0042,857,1,0,webkit,False,2026-01-01T13:47:00+00:00,36.14,851.22,52.41
orders.spec::list_recent,run-0042,437,1,0,webkit,False,2026-01-01T13:47:00+00:00,40.21,614.8,40.64
profile.spec::upload_avatar,run-0042,648,1,0,webkit,False,2026-01-01T13:47:00+00:00,32.64,712.62,57.3
search.spec::filter_results,run-0042,225,1,0,webkit,False,2026-01-01T13:47:00+00:00,23.16,638.78,37.89
notifications.spec::websocket_push,run-0042,678,1,0,webkit,False,2026-01-01T13:47:00+00:00,40.64,857.31,22.33
auth.spec::login_success,run-0043,184,1,0,chromium,True,2026-01-01T13:54:00+00:00,51.65,527.37,22.19
checkout.spec::payment_flow,run-0043,1066,0,0,chromium,True,2026-01-01T13:54:00+00:00,53.16,770.82,46.96
orders.spec::list_recent,run-0043,307,1,0,chromium,True,2026-01-01T13:54:00+00:00,44.38,550.54,31.87
profile.spec::upload_avatar,run-0043,652,0,0,chromium,True,2026-01-01T13:54:00+00:00,47.16,789.81,28.08
search.spec::filter_results,run-0043,216,1,0,chromium,True,2026-01-01T13:54:00+00:00,46.7,627.66,47.77
notifications.spec::websocket_push,run-0043,769,1,0,chromium,True,2026-01-01T13:54:00+00:00,77.71,777.74,59.99
auth.spec::login_success,run-0044,241,1,0,firefox,False,2026-01-01T14:01:00+00:00,38.33,507.72,41.62
checkout.spec::payment_flow,run-0044,888,1,0,firefox,False,2026-01-01T14:01:00+00:00,58.56,846.5,40.61
orders.spec::list_recent,run-0044,443,0,1,firefox,False,2026-01-01T14:01:00+00:00,49.26,615.81,61.56
profile.spec::upload_avatar,run-0044,574,1,0,firefox,False,2026-01-01T14:01:00+00:00,44.62,799.4,44.1
search.spec::filter_results,run-0044,366,1,0,firefox,False,2026-01-01T14:01:00+00:00,47.77,543.02,32.69
notifications.spec::websocket_push,run-0044,905,0,2,firefox,False,2026-01-01T14:01:00+00:00,34.55,788.16,56.96
auth.spec::login_success,run-0045,251,1,0,webkit,True,2026-01-01T14:08:00+00:00,46.51,645.55,38.48
checkout.spec::payment_flow,run-0045,511,1,0,webkit,True,2026-01-01T14:08:00+00:00,47.75,756.13,45.59
orders.spec::list_recent,run-0045,472,1,0,webkit,True,2026-01-01T14:08:00+00:00,47.96,586.13,25.56
profile.spec::upload_avatar,run-0045,783,1,0,webkit,True,2026-01-01T14:08:00+00:00,53.02,646.08,40.64
search.spec::filter_results,run-0045,346,1,0,webkit,True,2026-01-01T14:08:00+00:00,49.76,527.46,35.06
notifications.spec::websocket_push,run-0045,684,0,0,webkit,True,2026-01-01T14:08:00+00:00,44.79,827.71,46.2
auth.spec::login_success,run-0046,258,1,0,chromium,False,2026-01-01T14:15:00+00:00,48.73,541.46,36.24
checkout.spec::payment_flow,run-0046,664,1,0,chromium,False,2026-01-01T14:15:00+00:00,63.08,805.63,64.53
orders.spec::list_recent,run-0046,451,1,0,chromium,False,2026-01-01T14:15:00+00:00,44.88,624.55,50.25
profile.spec::upload_avatar,run-0046,663,1,0,chromium,False,2026-01-01T14:15:00+00:00,50.21,698.87,63.96
search.spec::filter_results,run-0046,371,1,0,chromium,False,2026-01-01T14:15:00+00:00,51.45,590.1,45.11
notifications.spec::websocket_push,run-0046,502,0,0,chromium,False,2026-01-01T14:15:00+00:00,49.77,765.3,54.94
auth.spec::login_success,run-0047,117,1,0,firefox,True,2026-01-01T14:22:00+00:00,36.95,584.33,49.8
checkout.spec::payment_flow,run-0047,1019,1,0,firefox,True,2026-01-01T14:22:00+00:00,52.3,980.42,47.67
orders.spec::list_recent,run-0047,344,1,0,firefox,True,2026-01-01T14:22:00+00:00,41.34,664.54,31.48
profile.spec::upload_avatar,run-0047,576,1,0,firefox,True,2026-01-01T14:22:00+00:00,47.26,875.48,64.76
search.spec::filter_results,run-0047,438,1,0,firefox,True,2026-01-01T14:22:00+00:00,53.63,565.15,41.54
notifications.spec::websocket_push,run-0047,835,0,0,firefox,True,2026-01-01T14:22:00+00:00,37.74,714.69,52.58
auth.spec::login_success,run-0048,80,1,0,webkit,False,2026-01-01T14:29:00+00:00,54.85,563.76,37.66
checkout.spec::payment_flow,run-0048,827,1,0,webkit,False,2026-01-01T14:29:00+00:00,70.36,772.36,47.45
orders.spec::list_recent,run-0048,509,1,0,webkit,False,2026-01-01T14:29:00+00:00,50.23,642.8,44.0
profile.spec::upload_avatar,run-0048,705,1,0,webkit,False,2026-01-01T14:29:00+00:00,57.18,673.48,37.44
search.spec::filter_results,run-0048,313,1,0,webkit,False,2026-01-01T14:29:00+00:00,43.77,570.76,29.85
notifications.spec::websocket_push,run-0048,665,1,0,webkit,False,2026-01-01T14:29:00+00:00,53.83,726.25,38.85
auth.spec::login_success,run-0049,121,1,0,chromium,True,2026-01-01T14:36:00+00:00,37.35,637.38,29.55
checkout.spec::payment_flow,run-0049,908,0,0,chromium,True,2026-01-01T14:36:00+00:00,48.97,962.36,24.11
orders.spec::list_recent,run-0049,375,1,0,chromium,True,2026-01-01T14:36:00+00:00,53.56,526.64,45.18
profile.spec::upload_avatar,run-0049,675,0,2,chromium,True,2026-01-01T14:36:00+00:00,35.72,597.77,23.94
search.spec::filter_results,run-0049,285,1,0,chromium,True,2026-01-01T14:36:00+00:00,54.79,670.92,32.16
notifications.spec::websocket_push,run-0049,788,0,0,chromium,True,2026-01-01T14:36:00+00:00,53.69,843.48,58.76
auth.spec::login_success,run-0050,359,1,0,firefox,False,2026-01-01T14:43:00+00:00,51.09,471.7,24.84
checkout.spec::payment_flow,run-0050,1028,1,0,firefox,False,2026-01-01T14:43:00+00:00,57.8,865.53,46.27
orders.spec::list_recent,run-0050,481,1,0,firefox,False,2026-01-01T14:43:00+00:00,26.79,592.32,35.76
profile.spec::upload_avatar,run-0050,663,1,0,firefox,False,2026-01-01T14:43:00+00:00,41.16,717.01,28.35
search.spec::filter_results,run-0050,193,1,0,firefox,False,2026-01-01T14:43:00+00:00,36.71,647.43,29.71
notifications.spec::websocket_push,run-0050,691,1,0,firefox,False,2026-01-01T14:43:00+00:00,52.0,744.59,47.4
auth.spec::login_success,run-0051,139,1,0,webkit,True,2026-01-01T14:50:00+00:00,31.97,573.41,28.73
checkout.spec::payment_flow,run-0051,662,1,0,webkit,True,2026-01-01T14:50:00+00:00,47.2,871.28,49.7
orders.spec::list_recent,run-0051,250,1,0,webkit,True,2026-01-01T14:50:00+00:00,44.89,693.08,23.45
profile.spec::upload_avatar,run-0051,658,1,0,webkit,True,2026-01-01T14:50:00+00:00,46.87,779.26,61.43
search.spec::filter_results,run-0051,290,1,0,webkit,True,2026-01-01T14:50:00+00:00,20.56,656.85,17.8
notifications.spec::websocket_push,run-0051,533,0,0,webkit,True,2026-01-01T14:50:00+00:00,48.86,749.37,35.18
auth.spec::login_success,run-0052,243,1,0,chromium,False,2026-01-01T14:57:00+00:00,45.99,651.28,40.2
checkout.spec::payment_flow,run-0052,843,1,0,chromium,False,2026-01-01T14:57:00+00:00,62.05,774.3,62.99
orders.spec::list_recent,run-0052,481,1,0,chromium,False,2026-01-01T14:57:00+00:00,46.55,624.53,44.7
profile.spec::upload_avatar,run-0052,651,1,0,chromium,False,2026-01-01T14:57:00+00:00,47.97,753.32,44.12
search.spec::filter_results,run-0052,341,1,0,chromium,False,2026-01-01T14:57:00+00:00,26.23,622.82,72.22
notifications.spec::websocket_push,run-0052,715,0,0,chromium,False,2026-01-01T14:57:00+00:00,62.36,800.08,61.24
auth.spec::login_success,run-0053,80,1,0,firefox,True,2026-01-01T15:04:00+00:00,47.35,623.78,55.44
checkout.spec::payment_flow,run-0053,867,0,0,firefox,True,2026-01-01T15:04:00+00:00,52.23,912.15,49.2
orders.spec::list_recent,run-0053,449,1,0,firefox,True,2026-01-01T15:04:00+00:00,42.56,555.59,38.7
profile.spec::upload_avatar,run-0053,353,1,0,firefox,True,2026-01-01T15:04:00+00:00,33.48,751.94,54.93
search.spec::filter_results,run-0053,390,1,0,firefox,True,2026-01-01T15:04:00+00:00,37.06,577.14,35.11
notifications.spec::websocket_push,run-0053,724,0,1,firefox,True,2026-01-01T15:04:00+00:00,54.48,692.71,33.29
auth.spec::login_success,run-0054,219,1,0,webkit,False,2026-01-01T15:11:00+00:00,32.6,558.85,64.99
checkout.spec::payment_flow,run-0054,990,1,0,webkit,False,2026-01-01T15:11:00+00:00,51.64,852.61,41.05
orders.spec::list_recent,run-0054,312,1,0,webkit,False,2026-01-01T15:11:00+00:00,28.62,643.93,37.53
profile.spec::upload_avatar,run-0054,594,1,0,webkit,False,2026-01-01T15:11:00+00:00,58.29,769.05,27.77
search.spec::filter_results,run-0054,278,1,0,webkit,False,2026-01-01T15:11:00+00:00,33.75,575.42,19.24
notifications.spec::websocket_push,run-0054,628,1,0,webkit,False,2026-01-01T15:11:00+00:00,45.22,803.14,59.78
auth.spec::login_success,run-0055,275,1,0,chromium,True,2026-01-01T15:18:00+00:00,27.87,488.49,29.93
checkout.spec::payment_flow,run-0055,871,1,0,chromium,True,2026-01-01T15:18:00+00:00,53.5,826.88,34.41
orders.spec::list_recent,run-0055,227,1,0,chromium,True,2026-01-01T15:18:00+00:00,33.32,609.36,41.04
profile.spec::upload_avatar,run-0055,363,1,0,chromium,True,2026-01-01T15:18:00+00:00,67.43,724.06,49.99
search.spec::filter_results,run-0055,379,1,0,chromium,True,2026-01-01T15:18:00+00:00,38.19,479.83,35.28
notifications.spec::websocket_push,run-0055,695,1,0,chromium,True,2026-01-01T15:18:00+00:00,51.87,757.4,39.95
auth.spec::login_success,run-0056,255,1,0,firefox,False,2026-01-01T15:25:00+00:00,54.07,487.63,20.29
checkout.spec::payment_flow,run-0056,906,0,1,firefox,False,2026-01-01T15:25:00+00:00,44.11,856.53,38.11
orders.spec::list_recent,run-0056,362,1,0,firefox,False,2026-01-01T15:25:00+00:00,42.46,557.19,38.23
profile.spec::upload_avatar,run-0056,721,1,0,firefox,False,2026-01-01T15:25:00+00:00,46.5,703.91,30.73
search.spec::filter_results,run-0056,269,1,0,firefox,False,2026-01-01T15:25:00+00:00,49.07,532.85,54.98
notifications.spec::websocket_push,run-0056,611,1,0,firefox,False,2026-01-01T15:25:00+00:00,53.74,762.45,45.18
auth.spec::login_success,run-0057,152,1,0,webkit,True,2026-01-01T15:32:00+00:00,37.04,533.39,28.92
checkout.spec::payment_flow,run-0057,1051,0,0,webkit,True,2026-01-01T15:32:00+00:00,39.09,856.37,76.61
orders.spec::list_recent,run-0057,306,1,0,webkit,True,2026-01-01T15:32:00+00:00,34.03,578.65,31.04
profile.spec::upload_avatar,run-0057,485,1,0,webkit,True,2026-01-01T15:32:00+00:00,39.22,903.53,57.26
search.spec::filter_results,run-0057,275,1,0,webkit,True,2026-01-01T15:32:00+00:00,44.72,533.76,31.83
notifications.spec::websocket_push,run-0057,852,1,0,webkit,True,2026-01-01T15:32:00+00:00,37.13,801.09,55.66
auth.spec::login_success,run-0058,318,1,0,chromium,False,2026-01-01T15:39:00+00:00,44.55,430.5,46.06
checkout.spec::payment_flow,run-0058,931,1,0,chromium,False,2026-01-01T15:39:00+00:00,60.49,764.94,63.95
orders.spec::list_recent,run-0058,453,1,0,chromium,False,2026-01-01T15:39:00+00:00,44.52,651.56,18.7
profile.spec::upload_avatar,run-0058,415,1,0,chromium,False,2026-01-01T15:39:00+00:00,45.13,740.86,43.24
search.spec::filter_results,run-0058,265,1,0,chromium,False,2026-01-01T15:39:00+00:00,48.42,588.26,36.77
notifications.spec::websocket_push,run-0058,721,1,0,chromium,False,2026-01-01T15:39:00+00:00,55.37,789.47,29.05
auth.spec::login_success,run-0059,281,1,0,firefox,True,2026-01-01T15:46:00+00:00,23.86,579.56,12.92
checkout.spec::payment_flow,run-0059,795,0,0,firefox,True,2026-01-01T15:46:00+00:00,58.73,879.12,57.37
orders.spec::list_recent,run-0059,197,1,0,firefox,True,2026-01-01T15:46:00+00:00,56.82,671.95,47.83
profile.spec::upload_avatar,run-0059,694,1,0,firefox,True,2026-01-01T15:46:00+00:00,63.99,700.81,57.48
search.spec::filter_results,run-0059,357,1,0,firefox,True,2026-01-01T15:46:00+00:00,32.83,627.8,37.94
notifications.spec::websocket_push,run-0059,721,1,0,firefox,True,2026-01-01T15:46:00+00:00,48.01,870.81,54.74
auth.spec::login_success,run-0060,166,1,0,webkit,False,2026-01-01T15:53:00+00:00,52.39,482.14,36.48
checkout.spec::payment_flow,run-0060,609,1,0,webkit,False,2026-01-01T15:53:00+00:00,38.22,831.35,49.79
orders.spec::list_recent,run-0060,317,1,0,webkit,False,2026-01-01T15:53:00+00:00,41.61,673.47,41.38
profile.spec::upload_avatar,run-0060,601,0,0,webkit,False,2026-01-01T15:53:00+00:00,52.33,672.17,59.67
search.spec::filter_results,run-0060,215,1,0,webkit,False,2026-01-01T15:53:00+00:00,54.24,620.94,54.2
notifications.spec::websocket_push,run-0060,796,0,0,webkit,False,2026-01-01T15:53:00+00:00,52.96,837.46,47.65
auth.spec::login_success,run-0061,164,1,0,chromium,True,2026-01-01T16:00:00+00:00,32.96,463.94,22.02
checkout.spec::payment_flow,run-0061,1018,0,0,chromium,True,2026-01-01T16:00:00+00:00,56.65,930.72,29.89
orders.spec::list_recent,run-0061,378,1,0,chromium,True,2026-01-01T16:00:00+00:00,47.27,578.0,14.51
profile.spec::upload_avatar,run-0061,447,1,0,chromium,True,2026-01-01T16:00:00+00:00,58.65,705.93,53.66
search.spec::filter_results,run-0061,132,1,0,chromium,True,2026-01-01T16:00:00+00:00,38.18,519.69,34.05
notifications.spec::websocket_push,run-0061,652,1,0,chromium,True,2026-01-01T16:00:00+00:00,45.05,848.42,39.19
auth.spec::login_success,run-0062,200,1,0,firefox,False,2026-01-01T16:07:00+00:00,31.99,566.28,43.78
checkout.spec::payment_flow,run-0062,794,1,0,firefox,False,2026-01-01T16:07:00+00:00,41.6,880.54,54.63
orders.spec::list_recent,run-0062,467,0,0,firefox,False,2026-01-01T16:07:00+00:00,38.44,692.89,5.0
profile.spec::upload_avatar,run-0062,778,0,1,firefox,False,2026-01-01T16:07:00+00:00,59.69,745.97,24.09
search.spec::filter_results,run-0062,254,1,0,firefox,False,2026-01-01T16:07:00+00:00,52.66,645.28,25.04
notifications.spec::websocket_push,run-0062,600,0,0,firefox,False,2026-01-01T16:07:00+00:00,37.1,877.73,67.62
auth.spec::login_success,run-0063,123,1,0,webkit,True,2026-01-01T16:14:00+00:00,35.58,494.4,28.22
checkout.spec::payment_flow,run-0063,727,0,2,webkit,True,2026-01-01T16:14:00+00:00,40.31,804.58,40.37
orders.spec::list_recent,run-0063,374,1,0,webkit,True,2026-01-01T16:14:00+00:00,26.84,600.53,41.54
profile.spec::upload_avatar,run-0063,506,1,0,webkit,True,2026-01-01T16:14:00+00:00,36.37,733.25,58.05
search.spec::filter_results,run-0063,312,1,0,webkit,True,2026-01-01T16:14:00+00:00,41.29,592.01,29.56
notifications.spec::websocket_push,run-0063,771,1,0,webkit,True,2026-01-01T16:14:00+00:00,49.71,765.82,54.96
auth.spec::login_success,run-0064,192,1,0,chromium,False,2026-01-01T16:21:00+00:00,44.65,657.81,32.67
checkout.spec::payment_flow,run-0064,940,1,0,chromium,False,2026-01-01T16:21:00+00:00,51.57,939.13,26.68
orders.spec::list_recent,run-0064,383,1,0,chromium,False,2026-01-01T16:21:00+00:00,44.91,622.64,31.87
profile.spec::upload_avatar,run-0064,587,1,0,chromium,False,2026-01-01T16:21:00+00:00,40.73,704.65,49.53
search.spec::filter_results,run-0064,330,1,0,chromium,False,2026-01-01T16:21:00+00:00,46.32,658.08,43.79
notifications.spec::websocket_push,run-0064,759,1,0,chromium,False,2026-01-01T16:21:00+00:00,49.68,760.3,55.75
auth.spec::login_success,run-0065,176,1,0,firefox,True,2026-01-01T16:28:00+00:00,47.94,578.35,28.36
checkout.spec::payment_flow,run-0065,982,1,0,firefox,True,2026-01-01T16:28:00+00:00,38.29,917.88,48.27
orders.spec::list_recent,run-0065,266,1,0,firefox,True,2026-01-01T16:28:00+00:00,51.19,635.94,59.93
profile.spec::upload_avatar,run-0065,637,1,0,firefox,True,2026-01-01T16:28:00+00:00,41.8,781.0,46.81
search.spec::filter_results,run-0065,301,1,0,firefox,True,2026-01-01T16:28:00+00:00,45.3,601.16,27.77
notifications.spec::websocket_push,run-0065,523,1,0,firefox,True,2026-01-01T16:28:00+00:00,24.58,800.8,58.88
auth.spec::login_success,run-0066,307,1,0,webkit,False,2026-01-01T16:35:00+00:00,50.19,542.67,30.43
checkout.spec::payment_flow,run-0066,936,1,0,webkit,False,2026-01-01T16:35:00+00:00,59.37,797.85,43.85
orders.spec::list_recent,run-0066,445,1,0,webkit,False,2026-01-01T16:35:00+00:00,63.76,594.51,46.52
profile.spec::upload_avatar,run-0066,510,1,0,webkit,False,2026-01-01T16:35:00+00:00,53.38,754.62,55.08
search.spec::filter_results,run-0066,359,1,0,webkit,False,2026-01-01T16:35:00+00:00,55.59,762.16,22.55
notifications.spec::websocket_push,run-0066,716,1,0,webkit,False,2026-01-01T16:35:00+00:00,45.67,689.94,59.1
auth.spec::login_success,run-0067,128,1,0,chromium,True,2026-01-01T16:42:00+00:00,60.82,579.51,18.99
checkout.spec::payment_flow,run-0067,813,1,0,chromium,True,2026-01-01T16:42:00+00:00,59.05,850.72,47.33
orders.spec::list_recent,run-0067,353,1,0,chromium,True,2026-01-01T16:42:00+00:00,30.53,527.72,34.49
profile.spec::upload_avatar,run-0067,626,1,0,chromium,True,2026-01-01T16:42:00+00:00,48.06,751.96,31.72
search.spec::filter_results,run-0067,229,1,0,chromium,True,2026-01-01T16:42:00+00:00,47.87,541.55,42.14
notifications.spec::websocket_push,run-0067,839,1,0,chromium,True,2026-01-01T16:42:00+00:00,49.65,763.76,61.42
auth.spec::login_success,run-0068,244,1,0,firefox,False,2026-01-01T16:49:00+00:00,49.89,571.75,38.69
checkout.spec::payment_flow,run-0068,861,1,0,firefox,False,2026-01-01T16:49:00+00:00,58.11,808.25,58.82
orders.spec::list_recent,run-0068,496,1,0,firefox,False,2026-01-01T16:49:00+00:00,27.46,597.24,41.68
profile.spec::upload_avatar,run-0068,819,0,1,firefox,False,2026-01-01T16:49:00+00:00,40.42,760.63,34.58
search.spec::filter_results,run-0068,338,1,0,firefox,False,2026-01-01T16:49:00+00:00,45.99,631.92,48.18
notifications.spec::websocket_push,run-0068,717,1,0,firefox,False,2026-01-01T16:49:00+00:00,52.75,831.99,53.39
auth.spec::login_success,run-0069,213,1,0,webkit,True,2026-01-01T16:56:00+00:00,44.28,562.96,26.64
checkout.spec::payment_flow,run-0069,788,0,0,webkit,True,2026-01-01T16:56:00+00:00,60.08,857.89,54.47
orders.spec::list_recent,run-0069,339,1,0,webkit,True,2026-01-01T16:56:00+00:00,36.61,617.17,42.49
profile.spec::upload_avatar,run-0069,713,1,0,webkit,True,2026-01-01T16:56:00+00:00,60.99,743.78,50.98
search.spec::filter_results,run-0069,509,1,0,webkit,True,2026-01-01T16:56:00+00:00,36.81,566.82,41.98
notifications.spec::websocket_push,run-0069,828,1,0,webkit,True,2026-01-01T16:56:00+00:00,51.87,786.01,47.73
auth.spec::login_success,run-0070,146,1,0,chromium,False,2026-01-01T17:03:00+00:00,45.84,597.55,23.44
checkout.spec::payment_flow,run-0070,754,1,0,chromium,False,2026-01-01T17:03:00+00:00,41.96,823.82,57.53
orders.spec::list_recent,run-0070,476,1,0,chromium,False,2026-01-01T17:03:00+00:00,50.65,705.1,46.2
profile.spec::upload_avatar,run-0070,615,0,2,chromium,False,2026-01-01T17:03:00+00:00,45.4,682.09,34.22
search.spec::filter_results,run-0070,304,1,0,chromium,False,2026-01-01T17:03:00+00:00,49.08,638.17,43.02
notifications.spec::websocket_push,run-0070,979,1,0,chromium,False,2026-01-01T17:03:00+00:00,31.98,734.37,54.91
auth.spec::login_success,run-0071,211,1,0,firefox,True,2026-01-01T17:10:00+00:00,38.92,675.1,34.89
checkout.spec::payment_flow,run-0071,935,1,0,firefox,True,2026-01-01T17:10:00+00:00,39.41,854.52,38.23
orders.spec::list_recent,run-0071,217,1,0,firefox,True,2026-01-01T17:10:00+00:00,44.74,624.67,36.44
profile.spec::upload_avatar,run-0071,560,1,0,firefox,True,2026-01-01T17:10:00+00:00,49.31,782.26,45.03
search.spec::filter_results,run-0071,277,1,0,firefox,True,2026-01-01T17:10:00+00:00,48.38,638.6,31.78
notifications.spec::websocket_push,run-0071,810,1,0,firefox,True,2026-01-01T17:10:00+00:00,63.52,887.31,63.86
auth.spec::login_success,run-0072,211,1,0,webkit,False,2026-01-01T17:17:00+00:00,42.62,528.79,36.49
checkout.spec::payment_flow,run-0072,860,1,0,webkit,False,2026-01-01T17:17:00+00:00,50.26,808.83,40.18
orders.spec::list_recent,run-0072,389,1,0,webkit,False,2026-01-01T17:17:00+00:00,50.39,756.72,40.41
profile.spec::upload_avatar,run-0072,673,1,0,webkit,False,2026-01-01T17:17:00+00:00,35.53,836.06,34.22
search.spec::filter_results,run-0072,219,1,0,webkit,False,2026-01-01T17:17:00+00:00,43.1,555.36,36.78
notifications.spec::websocket_push,run-0072,919,0,2,webkit,False,2026-01-01T17:17:00+00:00,44.39,702.48,58.01
auth.spec::login_success,run-0073,205,1,0,chromium,True,2026-01-01T17:24:00+00:00,33.23,559.85,50.34
checkout.spec::payment_flow,run-0073,569,1,0,chromium,True,2026-01-01T17:24:00+00:00,37.58,870.76,61.81
orders.spec::list_recent,run-0073,458,1,0,chromium,True,2026-01-01T17:24:00+00:00,20.83,593.34,45.21
profile.spec::upload_avatar,run-0073,598,1,0,chromium,True,2026-01-01T17:24:00+00:00,56.29,782.46,52.88
search.spec::filter_results,run-0073,156,1,0,chromium,True,2026-01-01T17:24:00+00:00,48.16,545.03,31.78
notifications.spec::websocket_push,run-0073,825,1,0,chromium,True,2026-01-01T17:24:00+00:00,19.96,719.21,53.62
auth.spec::login_success,run-0074,169,1,0,firefox,False,2026-01-01T17:31:00+00:00,55.95,565.23,12.54
checkout.spec::payment_flow,run-0074,882,1,0,firefox,False,2026-01-01T17:31:00+00:00,53.03,890.86,54.9
orders.spec::list_recent,run-0074,449,1,0,firefox,False,2026-01-01T17:31:00+00:00,49.07,699.28,19.64
profile.spec::upload_avatar,run-0074,572,1,0,firefox,False,2026-01-01T17:31:00+00:00,57.68,890.49,61.13
search.spec::filter_results,run-0074,260,1,0,firefox,False,2026-01-01T17:31:00+00:00,39.1,556.05,33.58
notifications.spec::websocket_push,run-0074,756,0,0,firefox,False,2026-01-01T17:31:00+00:00,69.95,790.24,46.18
auth.spec::login_success,run-0075,229,1,0,webkit,True,2026-01-01T17:38:00+00:00,46.39,639.78,46.27
checkout.spec::payment_flow,run-0075,908,1,0,webkit,True,2026-01-01T17:38:00+00:00,46.52,874.77,53.8
orders.spec::list_recent,run-0075,347,1,0,webkit,True,2026-01-01T17:38:00+00:00,57.18,699.21,43.63
profile.spec::upload_avatar,run-0075,677,0,0,webkit,True,2026-01-01T17:38:00+00:00,63.1,758.32,20.52
search.spec::filter_results,run-0075,230,1,0,webkit,True,2026-01-01T17:38:00+00:00,46.61,603.15,18.62
notifications.spec::websocket_push,run-0075,933,0,2,webkit,True,2026-01-01T17:38:00+00:00,65.39,779.05,62.23
auth.spec::login_success,run-0076,195,1,0,chromium,False,2026-01-01T17:45:00+00:00,33.9,554.8,46.09
checkout.spec::payment_flow,run-0076,938,0,0,chromium,False,2026-01-01T17:45:00+00:00,55.62,850.45,57.22
orders.spec::list_recent,run-0076,272,1,0,chromium,False,2026-01-01T17:45:00+00:00,46.1,654.32,12.36
profile.spec::upload_avatar,run-0076,793,1,0,chromium,False,2026-01-01T17:45:00+00:00,38.42,729.63,65.99
search.spec::filter_results,run-0076,496,1,0,chromium,False,2026-01-01T17:45:00+00:00,55.19,583.67,55.01
notifications.spec::websocket_push,run-0076,724,0,1,chromium,False,2026-01-01T17:45:00+00:00,66.53,769.99,50.72
auth.spec::login_success,run-0077,247,1,0,firefox,True,2026-01-01T17:52:00+00:00,44.03,559.73,27.96
checkout.spec::payment_flow,run-0077,943,1,0,firefox,True,2026-01-01T17:52:00+00:00,44.23,890.12,31.01
orders.spec::list_recent,run-0077,238,1,0,firefox,True,2026-01-01T17:52:00+00:00,55.83,634.03,46.62
profile.spec::upload_avatar,run-0077,698,1,0,firefox,True,2026-01-01T17:52:00+00:00,51.49,700.19,27.23
search.spec::filter_results,run-0077,265,1,0,firefox,True,2026-01-01T17:52:00+00:00,37.56,637.38,35.05
notifications.spec::websocket_push,run-0077,834,1,0,firefox,True,2026-01-01T17:52:00+00:00,43.62,741.87,55.47
auth.spec::login_success,run-0078,231,1,0,webkit,False,2026-01-01T17:59:00+00:00,19.88,535.04,32.09
checkout.spec::payment_flow,run-0078,649,0,0,webkit,False,2026-01-01T17:59:00+00:00,60.5,927.12,32.1
orders.spec::list_recent,run-0078,318,1,0,webkit,False,2026-01-01T17:59:00+00:00,21.33,534.13,45.99
profile.spec::upload_avatar,run-0078,791,1,0,webkit,False,2026-01-01T17:59:00+00:00,49.41,811.36,41.92
search.spec::filter_results,run-0078,255,1,0,webkit,False,2026-01-01T17:59:00+00:00,62.22,521.28,37.05
notifications.spec::websocket_push,run-0078,724,0,1,webkit,False,2026-01-01T17:59:00+00:00,40.77,804.7,40.6
auth.spec::login_success,run-0079,200,1,0,chromium,True,2026-01-01T18:06:00+00:00,49.31,511.06,37.19
checkout.spec::payment_flow,run-0079,850,0,1,chromium,True,2026-01-01T18:06:00+00:00,57.09,897.55,43.9
orders.spec::list_recent,run-0079,336,1,0,chromium,True,2026-01-01T18:06:00+00:00,36.32,613.92,45.09
profile.spec::upload_avatar,run-0079,730,1,0,chromium,True,2026-01-01T18:06:00+00:00,29.98,643.59,39.89
search.spec::filter_results,run-0079,198,1,0,chromium,True,2026-01-01T18:06:00+00:00,32.11,566.35,35.39
notifications.spec::websocket_push,run-0079,877,0,0,chromium,True,2026-01-01T18:06:00+00:00,50.76,764.14,60.04
auth.spec::login_success,run-0080,234,1,0,firefox,False,2026-01-01T18:13:00+00:00,34.52,566.51,43.36
checkout.spec::payment_flow,run-0080,874,1,0,firefox,False,2026-01-01T18:13:00+00:00,46.6,952.41,58.55
orders.spec::list_recent,run-0080,387,1,0,firefox,False,2026-01-01T18:13:00+00:00,43.6,630.21,38.17
profile.spec::upload_avatar,run-0080,713,1,0,firefox,False,2026-01-01T18:13:00+00:00,48.38,793.84,63.68
search.spec::filter_results,run-0080,359,1,0,firefox,False,2026-01-01T18:13:00+00:00,54.91,726.59,28.11
notifications.spec::websocket_push,run-0080,431,1,0,firefox,False,2026-01-01T18:13:00+00:00,62.92,819.92,45.52
